steelmaker,metric,source_type,expected_periods,populated_periods,missing_periods,coverage_pct
CMC,Capital Expenditures,auto_xbrl,35,35,0,100.0
CMC,Cash & Cash Equivalents,auto_xbrl,35,35,0,100.0
CMC,Cost of Goods Sold,auto_xbrl,35,35,0,100.0
CMC,Current Maturities,auto_xbrl,35,35,0,100.0
CMC,Earnings Per Share,auto_xbrl,35,35,0,100.0
CMC,Interest Expense,auto_xbrl,35,35,0,100.0
CMC,Long-Term Debt,auto_xbrl,35,35,0,100.0
CMC,Net Income Attributable to Stockholders,auto_xbrl,35,35,0,100.0
CMC,Net Sales,auto_xbrl,35,35,0,100.0
CMC,Operating Cash Flow,auto_xbrl,35,35,0,100.0
CMC,Short-Term Investments,auto_xbrl,35,0,35,0.0
