steelmaker,year,quarter,metric,source_type,reason_code
CMC,2019,FY,Short-Term Investments,auto_xbrl,NO_AUTO_VALUE
CMC,2019,Q1,Short-Term Investments,auto_xbrl,NO_AUTO_VALUE
CMC,2019,Q2,Short-Term Investments,auto_xbrl,NO_AUTO_VALUE
CMC,2019,Q3,Short-Term Investments,auto_xbrl,NO_AUTO_VALUE
CMC,2019,Q4,Short-Term Investments,auto_xbrl,NO_AUTO_VALUE
CMC,2020,FY,Short-Term Investments,auto_xbrl,NO_AUTO_VALUE
CMC,2020,Q1,Short-Term Investments,auto_xbrl,NO_AUTO_VALUE
CMC,2020,Q2,Short-Term Investments,auto_xbrl,NO_AUTO_VALUE
CMC,2020,Q3,Short-Term Investments,auto_xbrl,NO_AUTO_VALUE
CMC,2020,Q4,Short-Term Investments,auto_xbrl,NO_AUTO_VALUE
CMC,2021,FY,Short-Term Investments,auto_xbrl,NO_AUTO_VALUE
CMC,2021,Q1,Short-Term Investments,auto_xbrl,NO_AUTO_VALUE
CMC,2021,Q2,Short-Term Investments,auto_xbrl,NO_AUTO_VALUE
CMC,2021,Q3,Short-Term Investments,auto_xbrl,NO_AUTO_VALUE
CMC,2021,Q4,Short-Term Investments,auto_xbrl,NO_AUTO_VALUE
CMC,2022,FY,Short-Term Investments,auto_xbrl,NO_AUTO_VALUE
CMC,2022,Q1,Short-Term Investments,auto_xbrl,NO_AUTO_VALUE
CMC,2022,Q2,Short-Term Investments,auto_xbrl,NO_AUTO_VALUE
CMC,2022,Q3,Short-Term Investments,auto_xbrl,NO_AUTO_VALUE
CMC,2022,Q4,Short-Term Investments,auto_xbrl,NO_AUTO_VALUE
CMC,2023,FY,Short-Term Investments,auto_xbrl,NO_AUTO_VALUE
CMC,2023,Q1,Short-Term Investments,auto_xbrl,NO_AUTO_VALUE
CMC,2023,Q2,Short-Term Investments,auto_xbrl,NO_AUTO_VALUE
CMC,2023,Q3,Short-Term Investments,auto_xbrl,NO_AUTO_VALUE
CMC,2023,Q4,Short-Term Investments,auto_xbrl,NO_AUTO_VALUE
CMC,2024,FY,Short-Term Investments,auto_xbrl,NO_AUTO_VALUE
CMC,2024,Q1,Short-Term Investments,auto_xbrl,NO_AUTO_VALUE
CMC,2024,Q2,Short-Term Investments,auto_xbrl,NO_AUTO_VALUE
CMC,2024,Q3,Short-Term Investments,auto_xbrl,NO_AUTO_VALUE
CMC,2024,Q4,Short-Term Investments,auto_xbrl,NO_AUTO_VALUE
CMC,2025,FY,Short-Term Investments,auto_xbrl,NO_AUTO_VALUE
CMC,2025,Q1,Short-Term Investments,auto_xbrl,NO_AUTO_VALUE
CMC,2025,Q2,Short-Term Investments,auto_xbrl,NO_AUTO_VALUE
CMC,2025,Q3,Short-Term Investments,auto_xbrl,NO_AUTO_VALUE
CMC,2025,Q4,Short-Term Investments,auto_xbrl,NO_AUTO_VALUE
